DrawDate,Win1,Win2,Win3,Win4,Win5,Win6,Win7,Bonus,Extra1,Extra2,Extra3,Extra4
2025-12-12,4,16,25,28,36,38,41,9,2,20,28,71
2025-12-09,3,19,20,29,30,34,49,22,45,49,54,68
2025-12-05,4,15,32,34,40,45,48,7,12,26,33,55
2025-12-02,7,8,16,21,33,34,37,20,15,57,63,94
2025-11-28,1,7,12,16,28,47,50,45,12,23,43,44
2025-11-25,12,15,16,19,21,40,48,4,1,24,69,86
2025-11-21,7,8,20,30,39,40,47,34,37,53,68,87
2025-11-18,10,18,21,28,32,38,41,47,10,58,89,95
2025-11-14,1,7,17,23,27,35,43,4,29,31,40,60
2025-11-11,1,4,8,18,27,42,50,19,43,62,76,84
2025-11-07,5,28,31,33,39,40,49,45,1,19,54,69
2025-11-04,3,4,24,26,28,32,33,45,2,23,26,40
2025-10-31,12,14,22,29,30,46,48,31,13,42,67,68
2025-10-28,6,14,17,19,26,43,45,27,40,45,50,85
2025-10-24,9,16,22,31,36,44,47,40,12,30,77,80
2025-10-21,1,7,17,18,25,28,45,12,1,2,52,80
2025-10-17,4,19,20,23,24,43,45,5,17,25,34,49
2025-10-14,3,9,12,15,28,30,37,1,39,63,70,92
2025-10-10,4,9,10,16,33,45,50,36,63,69,83,96
2025-10-07,5,6,16,26,29,37,44,46,1,34,43,51
2025-10-03,10,17,22,30,36,42,45,33,11,16,77,78
2025-08-29,3,5,12,18,20,31,34,16,5,18,30,31
2025-08-26,3,7,14,22,29,33,50,43,45,56,70,72
2025-08-22,5,8,9,21,22,30,45,16,10,20,37,75
2025-08-19,7,10,11,17,19,34,45,36,16,25,69,80
2025-08-15,4,9,19,21,27,41,44,11,23,25,50,93
2025-08-12,15,16,21,27,28,33,39,10,5,55,64,90
2025-08-08,7,8,18,28,31,36,41,1,17,64,82,94
2025-08-05,4,8,12,26,29,33,37,24,41,42,45,98
2025-08-01,12,21,26,35,39,44,50,18,29,46,51,63
2025-07-29,10,13,15,17,33,37,46,3,6,51,72,91
2025-07-25,9,10,22,29,35,37,46,38,20,33,36,93
2025-07-22,2,3,8,10,42,46,47,20,35,46,73,84
2025-07-18,9,14,33,40,41,43,44,4,12,45,88,95
2025-07-15,3,4,7,14,24,41,43,27,3,17,54,66
2025-07-11,4,5,10,34,36,44,50,23,39,47,51,69
2025-07-08,7,8,18,27,38,48,50,5,1,42,69,75
2025-07-04,6,14,23,31,34,35,42,1,13,14,75,91
2025-07-01,2,5,14,26,33,35,36,10,31,47,66,74
2025-06-27,8,12,15,27,31,42,47,41,9,11,13,70
2025-06-24,1,2,7,32,45,46,48,24,12,34,60,94
2025-06-20,14,17,20,24,42,47,50,25,29,57,58,88
2025-06-17,2,10,25,36,46,48,50,29,50,66,88,98
2025-06-13,2,28,34,37,40,46,47,32,36,38,79,89
2025-06-10,5,9,20,31,37,49,50,29,8,33,48,95
2025-06-06,2,5,8,9,24,28,32,22,26,31,35,53
2025-06-03,6,29,39,40,42,44,48,22,57,61,84,99
2025-05-30,7,9,18,24,25,31,48,14,32,49,70,82
2025-05-27,5,7,11,18,26,41,46,43,8,38,81,82
2025-05-23,13,19,23,26,36,39,47,7,4,11,54,89
2025-05-20,3,7,13,14,20,21,45,5,7,17,51,52
2025-05-16,20,22,25,31,34,37,46,50,2,24,67,86
2025-05-13,10,11,13,20,24,44,46,9,16,18,33,66
2025-05-09,6,10,16,17,30,38,48,25,11,57,68,96
2025-05-06,5,13,15,20,45,48,49,19,3,4,30,91
2025-05-02,4,9,19,22,23,32,41,34,32,39,75,88
2025-04-29,3,11,14,29,33,38,45,18,4,23,55,79
2025-04-25,5,6,14,17,31,40,48,2,23,64,66,77
2025-04-22,5,19,25,31,34,38,48,15,16,83,97,98
2025-04-18,1,3,5,6,14,18,34,7,33,58,63,73
2025-04-15,12,20,21,27,36,40,42,5,3,22,28,32
2025-04-11,6,23,24,43,44,49,50,34,3,19,21,64
2025-04-08,10,12,22,24,31,40,41,19,60,63,69,73
2025-04-04,6,18,22,40,41,43,46,4,56,71,78,80
2025-04-01,6,18,27,30,31,43,48,14,19,27,47,65
2025-03-28,7,13,33,40,44,49,50,32,24,62,66,91
2025-03-25,1,10,16,36,39,45,47,4,14,15,24,38
2025-03-21,20,26,30,32,36,40,48,50,16,20,49,86
2025-03-18,4,14,20,36,38,42,45,43,70,74,92,98
2025-03-14,18,19,22,27,30,38,50,24,36,46,56,77
2025-03-11,2,10,19,21,29,35,40,46,5,7,72,84
2025-03-07,4,12,28,36,38,45,50,49,6,36,43,89
2025-03-04,15,21,26,35,36,43,45,41,52,56,65,92
2025-02-28,4,6,15,16,35,43,44,29,4,22,67,82
2025-02-25,7,19,20,30,34,47,50,38,29,44,81,95
2025-02-21,3,5,8,25,29,32,43,31,13,28,57,96
2025-02-18,5,13,18,25,34,36,44,1,13,59,70,97
2025-02-14,1,7,20,27,30,35,48,44,15,22,71,78
2025-02-11,1,8,17,22,39,45,46,23,3,8,42,57
2025-02-07,10,11,20,21,27,32,49,35,51,68,80,91
2025-02-04,10,14,16,27,35,40,50,22,18,79,83,89
2025-01-31,2,8,9,16,27,37,38,30,14,67,71,89
2025-01-28,3,13,19,43,46,47,50,27,23,31,68,88
2025-01-24,22,27,29,35,39,45,46,33,11,20,23,86
2025-01-21,13,15,21,35,36,42,47,38,12,68,75,80
2025-01-17,10,17,19,25,28,34,41,33,26,36,47,82
2025-01-14,9,12,13,25,27,44,48,14,3,8,40,85
2025-01-10,1,2,11,19,27,28,36,21,8,27,40,66
2025-01-07,14,20,21,24,26,35,44,34,6,33,87,93
2025-01-03,3,10,19,27,33,37,38,7,32,36,69,85
2024-12-31,7,9,11,16,17,20,33,48,18,24,31,46
2024-12-27,2,6,13,31,35,37,39,49,54,62,81,82
2024-12-24,2,10,15,16,31,34,43,46,5,14,52,68
2024-12-20,5,6,7,24,27,29,32,47,1,14,16,22
2024-12-17,13,16,27,39,43,45,50,36,24,63,66,99
2024-12-13,2,17,20,22,32,33,47,24,15,16,44,90
2024-12-10,3,6,22,30,32,40,46,19,15,59,70,77
2024-12-06,8,21,29,31,37,38,41,12,24,70,72,99
2024-12-03,9,14,21,26,29,32,41,47,30,45,70,84
2024-11-29,6,17,26,29,30,39,49,2,25,44,74,89
2024-11-26,20,24,31,33,36,41,49,50,13,29,59,70
2024-11-22,4,6,9,21,40,42,43,24,11,12,23,55
2024-11-19,2,10,16,18,22,44,50,42,37,48,74,85
2024-11-15,2,7,10,14,27,32,35,44,19,46,53,76
2024-11-12,1,12,13,24,28,36,39,35,18,29,36,55
2024-11-08,2,16,25,38,40,41,44,26,7,13,18,72
2024-11-05,1,2,9,22,26,32,47,35,5,50,64,90
2024-11-01,7,16,22,28,30,34,41,44,24,28,31,44
2024-10-29,20,26,28,29,35,39,47,46,21,48,50,98
2024-10-25,3,15,23,24,31,33,47,22,32,39,51,98
2024-10-22,7,8,23,30,32,33,49,22,61,76,90,91
2024-10-18,6,12,13,21,24,30,47,34,27,35,49,71
2024-10-15,8,12,19,20,26,32,46,27,40,46,53,82
2024-10-11,7,20,24,33,44,48,49,43,48,68,76,84
2024-10-08,10,11,13,20,22,27,48,21,50,56,70,76
2024-10-04,2,9,20,27,40,45,49,50,30,73,75,85
2024-10-01,11,12,28,32,36,38,41,44,13,16,18,75
2024-09-27,4,6,8,16,21,36,50,9,18,19,27,45
2024-09-24,1,11,21,38,40,43,45,20,3,43,69,77
2024-09-20,4,8,26,32,35,36,37,33,5,6,25,30
2024-09-17,2,4,11,16,25,29,47,34,3,67,94,99
2024-09-13,9,12,13,15,29,30,41,47,2,52,76,97
2024-09-10,5,16,22,24,31,33,38,30,18,19,56,84
2024-09-06,5,16,18,20,23,28,39,8,45,57,80,96
2024-09-03,4,6,10,22,32,39,50,19,24,28,65,93
2024-08-30,6,7,10,14,28,29,46,44,33,35,46,52
2024-08-27,4,17,25,38,41,46,50,14,15,17,69,89
2024-08-23,4,5,9,15,33,37,42,30,6,27,49,99
2024-08-20,2,11,12,21,24,38,39,33,34,68,75,79
2024-08-16,5,7,12,18,33,40,50,15,8,36,46,69
2024-08-13,13,28,30,34,40,45,49,9,22,60,85,90
2024-08-09,11,16,22,25,31,41,44,30,23,35,81,87
2024-08-06,7,12,13,30,38,46,48,28,4,28,66,74
2024-08-02,3,18,26,28,37,39,40,16,27,69,79,84
2024-07-30,1,4,11,35,42,45,49,36,7,37,44,69
2024-07-26,3,8,15,29,34,38,39,17,28,59,85,98
2024-07-23,4,12,14,16,27,35,41,32,1,7,22,29
2024-07-19,1,3,17,18,20,23,29,35,11,26,29,70
2024-07-16,10,11,18,26,36,40,49,28,6,11,50,95
2024-07-12,6,7,8,11,35,41,44,10,1,37,45,71
2024-07-09,19,22,29,33,41,45,50,44,44,60,63,65
2024-07-05,2,6,14,19,25,27,44,32,13,18,60,92
2024-07-02,1,10,11,16,19,23,39,50,25,91,92,96
2024-06-28,1,5,11,12,13,23,33,21,20,45,54,96
2024-06-25,3,11,28,40,43,44,45,4,21,34,69,95
2024-06-21,8,12,32,33,34,46,47,13,15,28,29,81
2024-06-18,17,19,32,34,37,44,45,22,3,20,43,78
2024-06-14,5,11,29,31,38,39,49,41,13,31,65,92
2024-06-11,3,30,39,44,45,47,49,46,1,6,25,73
2024-06-07,2,3,12,15,32,33,36,9,44,78,85,87
2024-06-04,5,6,12,15,18,34,37,7,45,52,61,73
2024-05-31,1,4,18,19,23,28,29,43,21,26,35,93
2024-05-28,2,6,9,21,22,32,43,3,39,49,67,68
2024-05-24,1,6,9,11,31,39,50,35,14,15,19,89
2024-05-21,1,4,6,7,34,40,46,2,5,18,39,90
2024-05-17,5,13,27,28,32,45,50,44,19,34,85,99
2024-05-14,10,15,18,27,28,32,43,8,42,50,58,95
2024-05-10,2,4,14,28,29,30,43,34,2,49,53,58
2024-05-07,3,22,32,43,46,47,48,49,20,60,68,71
2024-05-03,3,5,16,20,31,34,38,17,5,20,64,90
2024-04-30,5,8,18,21,23,31,48,40,13,55,60,62
2024-04-26,2,3,23,36,38,40,48,42,23,25,46,84
2024-04-23,7,14,17,26,29,38,39,18,3,31,32,89
2024-04-19,6,7,14,15,28,39,42,37,6,26,32,45
2024-04-16,15,19,22,28,34,36,46,25,54,68,79,82
2024-04-12,17,25,30,35,36,44,50,10,22,32,66,93
2024-04-09,4,5,22,30,44,46,50,34,15,23,89,90
2024-04-05,4,8,18,24,26,35,46,5,6,12,24,77
2024-04-02,11,23,36,38,42,43,49,27,6,25,60,96
2024-03-29,1,14,17,19,23,42,48,39,5,29,59,82
2024-03-26,21,24,25,26,31,42,43,30,14,38,45,85
2024-03-22,2,7,19,28,36,37,44,10,16,17,36,63
2024-03-19,3,16,19,21,24,40,46,39,59,65,68,78
2024-03-15,22,24,31,33,39,45,46,2,30,65,70,84
2024-03-12,3,15,20,21,23,24,34,38,38,52,61,69
2024-03-08,1,3,6,19,21,33,47,10,58,66,69,79
2024-03-05,2,4,7,25,33,43,49,38,31,54,64,69
2024-03-01,15,17,23,32,38,46,47,44,23,47,67,91
2024-02-27,14,18,22,25,34,40,46,30,12,36,60,88
2024-02-23,8,16,24,28,40,41,47,10,8,15,20,91
2024-02-20,1,4,23,24,31,40,48,38,64,76,82,83
2024-02-16,4,19,29,34,41,44,46,31,7,12,79,86
2024-02-13,13,16,18,29,35,36,49,34,1,30,56,76
2024-02-09,5,8,16,32,36,41,42,12,10,41,68,86
2024-02-06,10,16,21,29,42,44,50,26,3,12,66,93
2024-02-02,7,9,14,18,22,32,42,2,15,37,39,80
2024-01-30,1,6,12,18,26,27,40,42,34,36,85,96
2024-01-26,7,11,21,22,24,26,35,32,5,11,24,29
2024-01-23,4,9,25,31,41,48,49,7,20,37,59,70
2024-01-19,11,20,27,28,32,36,50,2,10,12,33,58
2024-01-16,2,9,10,14,42,43,44,25,17,39,57,96
2024-01-12,5,6,7,18,22,34,36,26,3,65,68,96
2024-01-09,1,2,12,20,24,26,28,13,13,44,64,84
2024-01-05,3,6,11,24,29,45,50,16,3,23,42,45
2024-01-02,9,10,16,29,36,37,50,20,10,13,85,87
2023-12-29,3,6,9,25,30,36,42,34,26,39,42,53
2023-12-26,1,11,13,17,42,45,49,23,32,38,76,88
2023-12-22,8,16,19,25,30,33,47,10,20,40,47,58
2023-12-19,2,3,4,13,21,35,38,50,7,23,27,88
2023-12-15,1,2,13,15,20,21,45,8,57,58,83,97
2023-12-12,2,6,22,23,28,30,42,43,3,21,29,56
2023-12-08,8,9,11,23,25,32,34,20,7,25,84,86
2023-12-05,3,4,8,10,38,43,47,18,8,25,55,64
2023-12-01,4,12,15,22,36,44,46,33,30,71,73,84
2023-11-28,1,18,25,26,30,34,39,20,12,36,68,82
2023-11-24,2,24,25,28,36,37,46,26,62,70,80,85
2023-11-21,7,13,30,34,37,38,42,35,22,46,47,56
2023-11-17,2,23,28,30,31,33,37,50,6,57,58,76
2023-11-14,9,14,15,19,45,47,50,33,6,24,53,81
2023-11-10,7,12,15,16,35,45,48,10,9,29,60,77
2023-11-07,4,6,16,19,29,31,44,22,41,51,57,83
2023-11-03,5,7,9,10,19,24,40,18,20,22,35,70
2023-10-31,22,23,25,26,35,40,44,33,3,6,13,16
2023-10-27,6,17,25,28,30,34,36,15,3,43,76,84
2023-10-24,4,15,16,17,23,27,47,1,7,19,56,96
2023-10-20,3,18,19,21,25,46,50,22,15,25,26,30
2023-10-17,2,7,15,16,18,19,25,35,27,53,56,79
2023-10-13,8,17,20,23,28,31,33,45,29,62,78,96
2023-10-10,5,6,12,28,33,41,47,1,20,55,74,76
2023-10-06,4,17,20,23,25,27,41,7,1,2,7,79
2023-10-03,1,7,10,15,30,34,47,29,21,54,72,89
2023-09-29,2,12,19,26,34,44,46,41,51,58,85,94
2023-09-26,3,7,13,20,22,25,47,23,8,17,24,28
2023-09-22,12,13,19,26,33,39,43,2,10,30,52,95
2023-09-19,4,7,13,20,24,30,48,5,27,79,86,88
2023-09-15,1,2,11,27,31,35,44,18,22,39,50,92
2023-09-12,6,7,9,12,13,32,37,15,63,88,90,99
2023-09-08,15,22,25,29,30,31,34,18,13,14,55,99
2023-09-05,8,20,23,26,38,45,47,33,76,78,88,90
2023-09-01,1,7,15,30,36,37,46,14,31,43,64,96
2023-08-29,13,17,19,22,26,28,40,20,31,69,93,98
2023-08-25,7,12,17,18,37,38,45,40,56,65,71,73
2023-08-22,2,7,12,19,38,42,50,39,15,43,55,92
2023-08-18,1,7,29,36,40,42,50,35,5,6,18,92
2023-08-15,13,15,20,29,31,48,49,18,12,21,87,91
2023-08-11,7,8,23,28,29,31,37,43,30,32,39,41
2023-08-08,7,19,22,34,44,46,49,26,36,52,79,89
2023-08-04,2,11,16,21,32,44,47,13,10,14,27,86
2023-08-01,2,13,26,28,30,43,46,24,11,70,79,82
2023-07-28,4,17,26,28,29,41,48,16,25,51,61,68
2023-07-25,15,16,17,18,43,44,48,50,34,40,74,90
2023-07-21,4,8,14,25,28,40,41,6,4,16,38,63
2023-07-18,2,4,5,15,29,40,49,42,40,67,77,99
2023-07-14,3,11,23,27,39,44,48,17,15,60,72,83
2023-07-11,5,16,23,24,31,40,48,3,12,42,54,79
2023-07-07,12,13,28,32,34,35,40,27,36,51,88,97
2023-07-04,2,9,20,21,23,32,43,1,36,71,76,82
2023-06-30,1,13,19,26,35,42,49,37,13,14,64,99
2023-06-27,1,9,25,31,34,35,38,36,3,26,60,82
2023-06-23,8,19,21,29,33,40,46,25,20,22,27,85
2023-06-20,5,10,24,30,32,43,48,40,6,35,44,76
2023-06-16,11,20,30,34,41,47,49,16,28,58,60,75
2023-06-13,1,2,8,12,24,44,45,26,16,20,65,74
2023-06-09,7,10,12,31,37,42,44,34,18,55,66,67
2023-06-06,4,7,13,16,31,32,39,26,28,55,67,74
2023-06-02,1,12,16,21,29,43,49,8,23,63,68,93
2023-05-30,13,14,18,19,25,29,38,36,53,55,80,98
2023-05-26,2,7,9,12,21,30,37,23,3,13,53,69
2023-05-23,1,7,10,18,23,24,34,3,1,16,47,97
2023-05-19,12,13,35,41,42,44,47,32,3,42,48,77
2023-05-16,11,13,19,25,28,46,49,24,17,21,53,72
2023-05-12,4,5,20,26,28,29,48,44,13,54,77,87
2023-05-09,18,19,31,33,35,40,50,16,6,19,38,74
2023-05-05,8,16,22,24,25,30,32,11,37,56,63,88
2023-05-02,2,12,22,30,32,35,36,1,12,42,57,96
2023-04-28,1,2,12,15,35,39,45,44,1,15,25,58
2023-04-25,4,19,21,33,37,38,39,42,9,24,53,59
2023-04-21,7,8,18,26,33,42,46,39,45,65,83,93
2023-04-18,5,7,16,20,26,30,36,44,13,64,73,74
2023-04-14,17,25,28,30,34,46,49,42,1,58,60,98
2023-04-11,4,5,11,12,31,43,44,15,26,40,71,74
2023-04-07,15,26,34,41,44,45,46,11,5,30,50,53
2023-04-04,6,15,29,32,36,45,48,39,43,61,86,99
2023-03-31,1,3,26,28,36,47,50,48,9,22,36,94
2023-03-28,5,9,12,19,21,22,49,31,27,36,80,96
2023-03-24,5,9,14,23,32,33,46,26,23,29,31,96
2023-03-21,7,15,17,20,32,40,50,21,61,81,95,96
2023-03-17,5,15,17,22,25,37,46,13,69,79,93,95
2023-03-14,4,15,17,24,27,32,41,36,21,39,77,94
2023-03-10,18,19,31,36,38,41,43,8,28,31,65,69
2023-03-07,1,16,26,28,31,44,45,22,6,22,73,88
2023-03-03,10,14,20,37,42,44,46,50,52,65,70,88
2023-02-28,1,3,8,24,35,42,43,18,18,75,90,94
2023-02-24,1,11,15,21,35,48,49,3,60,63,67,95
2023-02-21,2,14,26,31,35,39,49,32,13,62,63,89
2023-02-17,10,12,23,26,39,41,45,42,52,72,74,95
2023-02-14,9,15,21,28,31,36,38,12,19,47,64,77
2023-02-10,6,16,22,23,28,29,34,8,18,20,55,66
2023-02-07,1,13,26,30,37,42,50,10,11,30,85,91
2023-02-03,7,10,15,17,25,39,45,43,2,33,83,99
2023-01-31,2,6,16,23,40,41,48,31,37,78,92,99
2023-01-27,4,5,9,13,29,30,35,20,37,39,48,53
2023-01-24,10,20,25,29,35,42,45,3,29,56,62,76
2023-01-20,9,16,17,19,30,38,49,45,1,8,19,49
2023-01-17,1,2,5,6,16,30,45,19,16,25,35,78
2023-01-13,3,16,17,23,35,37,47,26,13,26,48,82
2023-01-10,10,16,18,33,34,37,45,36,18,34,69,93
2023-01-06,7,14,20,24,35,40,50,15,18,32,72,82
2023-01-03,9,25,32,34,37,46,50,18,21,24,25,43
2022-12-30,6,26,32,37,38,39,46,7,47,58,60,62
2022-12-27,5,6,13,16,31,32,35,36,8,27,57,93
2022-12-23,7,17,20,22,31,36,48,34,7,20,45,64
2022-12-20,3,8,9,20,22,36,50,25,3,14,85,91
2022-12-16,6,22,25,42,43,45,48,47,55,72,92,94
2022-12-13,12,13,14,31,35,39,50,48,13,50,59,76
2022-12-09,2,18,20,22,34,43,48,7,4,55,72,88
2022-12-06,1,2,3,14,17,19,41,30,2,6,19,48
2022-12-02,4,9,14,18,24,30,45,3,36,49,62,89
2022-11-29,1,7,8,19,32,38,39,47,13,23,41,78
2022-11-25,3,6,7,10,25,30,37,9,8,10,26,62
2022-11-22,2,10,12,18,19,21,34,33,14,44,49,51
2022-11-18,3,5,11,17,26,42,49,27,25,70,74,96
2022-11-15,9,12,13,22,25,35,47,24,19,32,58,83
2022-11-11,5,23,34,35,46,47,50,10,23,67,73,89
2022-11-08,4,7,14,18,26,40,42,12,20,32,38,88
2022-11-04,4,8,25,27,32,33,34,16,9,22,68,84
2022-11-01,2,23,27,34,43,46,49,44,33,46,52,75
2022-10-28,12,17,29,30,38,40,50,16,3,24,32,33
2022-10-25,3,6,19,23,26,28,43,46,37,38,70,88
2022-10-21,1,9,25,35,41,43,50,40,38,74,81,83
2022-10-18,12,14,23,25,39,40,44,24,6,28,75,92
2022-10-14,2,24,27,31,40,43,46,13,27,34,51,87
2022-10-11,3,19,33,36,39,40,42,44,50,67,74,91
2022-10-07,7,23,28,31,32,39,40,2,10,49,51,57
2022-10-04,10,18,21,22,37,40,46,25,21,35,42,64
2022-09-30,9,14,36,37,38,40,48,26,42,74,92,99
2022-09-27,10,12,13,26,29,39,46,23,36,53,65,90
2022-09-23,15,17,21,24,28,32,43,27,9,13,39,86
2022-09-20,9,10,11,20,24,31,48,36,27,40,72,99
2022-09-16,2,13,24,34,39,40,46,23,48,55,76,96
2022-09-13,9,10,14,32,35,36,46,47,9,36,44,54
2022-09-09,1,2,15,18,29,32,36,9,3,18,61,90
2022-09-06,16,22,28,30,41,46,47,10,32,59,82,97
2022-09-02,8,17,21,31,34,37,39,7,32,36,37,72
2022-08-30,5,8,12,23,39,41,48,50,1,18,62,90
2022-08-26,3,11,22,26,29,46,48,28,13,27,42,49
2022-08-23,9,13,14,19,37,43,50,4,10,11,52,91
2022-08-19,5,20,26,33,35,46,48,17,1,10,53,55
2022-08-16,1,2,9,21,32,33,43,36,42,76,92,96
2022-08-12,4,10,28,36,40,44,47,19,1,21,22,68
2022-08-09,16,19,25,26,27,33,45,38,17,41,79,93
2022-08-05,7,16,19,33,36,48,49,5,5,24,28,86
2022-08-02,4,5,15,18,22,28,32,19,11,30,37,84
2022-07-29,7,14,17,18,19,23,41,16,8,13,20,82
2022-07-26,3,8,9,15,21,27,31,33,9,32,42,94
2022-07-22,1,9,19,34,37,39,49,6,12,65,85,91
2022-07-19,6,9,17,19,31,34,46,4,13,30,50,57
2022-07-15,4,7,12,18,29,47,49,48,5,29,66,91
2022-07-12,8,11,15,16,26,29,40,37,3,17,40,83
2022-07-08,7,12,14,18,46,47,49,19,7,39,51,92
2022-07-05,12,29,33,35,38,41,46,13,17,25,76,83
2022-07-01,1,11,13,14,25,36,47,50,1,40,62,68
2022-06-28,8,19,22,41,42,46,47,10,16,30,67,83
2022-06-24,3,9,17,19,20,44,50,28,46,55,68,96
2022-06-21,2,4,5,22,32,40,50,43,20,34,50,99
2022-06-17,1,10,12,21,30,39,40,38,17,43,61,86
2022-06-14,11,17,18,25,36,41,50,34,11,65,79,99
2022-06-10,8,14,16,17,19,22,24,23,30,46,55,92
2022-06-07,6,13,17,20,28,36,44,31,1,42,66,81
2022-06-03,2,16,17,21,38,43,45,42,8,34,38,59
2022-05-31,6,13,23,27,35,44,50,37,5,22,31,52
2022-05-27,4,9,21,22,27,31,34,5,15,63,81,97
2022-05-24,12,26,30,31,35,39,45,22,4,24,48,51
2022-05-20,5,6,20,29,42,44,47,14,2,86,89,90
2022-05-17,10,35,38,40,45,47,48,23,3,7,48,84
2022-05-13,2,22,37,38,39,42,47,30,16,25,84,87
2022-05-10,6,15,18,19,20,27,28,24,49,54,67,80
2022-05-06,3,6,11,18,19,28,41,26,11,27,46,95
2022-05-03,6,11,22,24,27,29,33,31,37,47,83,95
2022-04-29,8,9,19,32,37,46,48,45,47,49,57,60
2022-04-26,3,10,15,31,35,38,42,22,41,47,76,88
2022-04-22,13,14,23,30,34,36,42,33,18,29,31,53
2022-04-19,1,6,10,27,42,45,50,43,15,57,61,95
2022-04-15,1,6,18,21,30,32,37,35,7,41,83,91
2022-04-12,3,5,7,19,32,34,50,25,17,27,60,94
2022-04-08,1,2,14,15,21,26,29,4,15,34,53,81
2022-04-05,14,24,34,39,43,48,50,20,19,36,87,94
2022-04-01,7,10,18,29,38,43,50,41,22,27,71,78
2022-03-29,7,17,32,34,39,45,47,42,15,19,33,62
2022-03-25,3,7,16,18,27,32,37,17,55,56,57,71
2022-03-22,14,16,20,26,33,36,48,1,5,26,44,58
2022-03-18,5,7,12,18,26,29,46,25,43,45,92,98
2022-03-15,3,7,12,17,23,38,40,27,20,37,61,79
2022-03-11,5,7,12,22,28,43,47,1,13,47,58,77
2022-03-08,10,12,13,18,25,26,37,39,12,24,43,92
2022-03-04,2,4,14,18,24,46,47,23,24,52,77,93
2022-03-01,5,6,28,36,40,46,50,27,2,3,81,89
2022-02-25,2,4,17,28,35,44,46,5,19,24,30,99
2022-02-22,3,13,26,27,28,36,45,50,3,21,24,40
2022-02-18,2,3,8,11,12,37,49,36,18,46,69,82
2022-02-15,19,26,28,36,40,42,48,6,22,68,69,94
2022-02-11,1,10,12,30,33,34,36,4,14,38,88,93
2022-02-08,16,29,32,34,38,39,47,18,30,37,79,81
2022-02-04,5,15,19,22,37,46,47,1,5,37,54,64
2022-02-01,9,14,24,26,29,39,49,42,39,52,92,94
2022-01-28,3,7,8,10,34,43,47,16,19,42,52,60
2022-01-25,11,13,18,20,23,30,40,37,22,68,79,98
2022-01-21,10,14,21,26,28,36,50,41,51,73,74,84
2022-01-18,2,15,25,28,30,35,38,31,39,40,68,78
2022-01-14,2,4,7,10,14,21,34,26,20,22,36,47
2022-01-11,1,3,24,25,27,36,47,12,16,46,71,90
2022-01-07,4,5,31,39,42,45,50,11,26,61,63,87
2022-01-04,7,8,13,20,25,26,48,36,2,14,70,87
2021-12-31,7,25,30,35,38,40,49,27,6,16,34,94
2021-12-28,11,12,21,27,32,43,49,15,3,22,58,77
2021-12-24,3,11,24,25,29,32,42,16,5,23,51,98
2021-12-21,13,23,26,27,28,38,47,36,46,85,86,99
2021-12-17,9,14,16,33,39,46,49,38,26,33,51,86
2021-12-14,3,21,22,26,28,44,49,34,10,54,66,95
2021-12-10,17,21,27,32,45,46,49,19,30,57,63,82
2021-12-07,9,16,19,24,27,34,40,7,20,86,88,99
2021-12-03,7,18,22,35,37,43,45,44,1,69,79,90
2021-11-30,4,7,8,22,24,30,49,42,2,59,65,69
2021-11-26,9,26,30,35,37,42,50,47,11,70,90,91
2021-11-23,14,17,25,27,31,32,34,20,6,49,73,75
2021-11-19,1,13,14,17,25,28,41,43,1,12,54,66
2021-11-16,5,6,7,17,26,29,42,38,26,38,43,85
2021-11-12,4,6,7,10,17,27,44,40,13,43,71,88
2021-11-09,2,8,16,17,19,26,42,41,3,14,30,33
2021-11-05,2,10,11,17,19,32,42,41,10,33,35,61
2021-11-02,7,13,18,30,33,37,41,6,3,8,46,61
2021-10-29,1,5,17,18,38,41,48,13,41,44,53,64
2021-10-26,2,8,10,14,21,36,40,17,53,55,87,97
2021-10-22,2,11,19,33,44,45,47,42,11,34,52,72
2021-10-19,12,26,28,32,41,43,50,49,12,63,76,81
2021-10-15,14,17,20,24,25,38,48,11,14,47,58,95
2021-10-12,7,11,13,30,38,40,43,45,17,36,52,76
2021-10-08,5,16,19,21,23,31,36,46,10,11,30,81
2021-10-05,2,10,18,19,25,42,48,21,6,47,68,97
2021-10-01,4,8,15,39,40,42,48,5,33,45,51,53
2021-09-28,2,5,8,18,23,31,35,43,39,55,62,84
2021-09-24,5,13,28,35,41,49,50,34,10,37,87,94
2021-09-21,4,8,11,14,15,34,45,7,33,46,64,73
2021-09-17,3,6,10,26,29,35,45,30,12,73,82,90
2021-09-14,17,24,27,33,38,41,48,39,27,76,83,93
2021-09-10,11,28,38,40,43,45,48,33,15,61,76,87
2021-09-07,5,8,31,36,41,42,43,39,16,51,90,96
2021-09-03,1,2,4,10,27,33,45,31,7,15,37,50
2021-08-31,3,11,23,26,31,42,50,24,10,21,58,69
2021-08-27,9,10,13,25,41,47,49,36,19,20,70,95
2021-08-24,1,24,26,29,30,45,50,5,13,34,51,63
2021-08-20,2,6,21,31,34,39,45,33,2,10,18,45
2021-08-17,5,16,18,33,37,38,39,35,50,51,69,89
2021-08-13,1,14,17,20,28,32,38,6,6,50,59,65
2021-08-10,14,18,19,32,35,38,41,27,22,38,41,53
2021-08-06,14,15,24,43,44,48,49,47,26,45,77,90
2021-08-03,4,5,9,15,24,36,48,50,2,68,75,81
2021-07-30,4,12,18,19,22,25,44,43,6,22,58,71
2021-07-27,5,12,13,32,36,40,48,49,9,20,37,89
2021-07-23,7,8,13,21,35,38,45,15,31,51,60,82
2021-07-20,2,13,15,19,38,39,46,34,27,30,39,91
2021-07-16,13,17,24,26,33,46,48,27,26,44,75,99
2021-07-13,2,6,12,13,17,36,48,25,18,50,72,86
2021-07-09,11,21,32,33,38,40,44,19,11,28,63,85
2021-07-06,10,14,25,26,38,41,50,49,17,48,73,80
2021-07-02,6,14,35,37,40,43,46,19,28,36,51,69
2021-06-29,6,17,22,23,32,37,47,13,11,43,49,51
2021-06-25,10,13,18,33,36,45,47,22,6,31,68,73
2021-06-22,7,11,22,28,33,44,49,10,1,7,23,41
2021-06-18,11,14,15,24,34,43,47,36,1,68,93,95
2021-06-15,2,8,12,13,14,36,43,29,1,27,41,74
2021-06-11,20,21,25,33,38,44,45,22,14,30,32,83
2021-06-08,1,9,14,24,26,37,42,29,7,15,25,63
2021-06-04,2,3,16,28,31,42,47,12,33,38,45,75
2021-06-01,6,20,21,28,38,43,47,40,1,5,70,74
2021-05-28,7,18,22,40,44,46,50,5,4,65,74,76
2021-05-25,6,9,11,19,24,38,46,18,5,37,89,95
2021-05-21,5,6,25,31,32,44,48,39,7,31,56,66
2021-05-18,5,9,18,27,32,38,40,34,51,56,85,94
2021-05-14,3,18,19,24,26,27,45,20,35,55,58,92
2021-05-11,14,15,20,32,35,38,50,46,20,32,52,66
2021-05-07,1,8,17,21,35,39,46,31,25,63,83,90
2021-05-04,1,23,27,33,39,45,49,40,10,20,49,64
2021-04-30,2,14,27,30,31,35,43,38,33,38,40,96
2021-04-27,7,11,14,26,27,29,36,2,27,33,35,74
2021-04-23,1,3,4,11,19,24,42,27,41,68,80,93
2021-04-20,7,10,11,19,22,30,37,18,7,43,47,61
2021-04-16,1,13,19,27,42,49,50,32,33,51,55,70
2021-04-13,15,16,18,19,22,44,47,28,9,30,61,86
2021-04-09,1,19,28,29,31,33,43,17,7,83,94,96
2021-04-06,2,14,24,25,35,44,45,11,16,49,81,87
2021-04-02,30,32,33,34,37,45,49,25,5,25,35,81
2021-03-30,12,22,25,30,37,38,45,2,10,18,44,91
2021-03-26,2,4,16,24,25,27,49,29,11,27,37,98
2021-03-23,5,6,12,28,29,36,46,40,25,33,34,43
2021-03-19,2,7,8,26,30,43,48,25,38,41,42,92
2021-03-16,8,15,25,27,33,39,44,20,9,11,36,65
2021-03-12,5,12,15,23,28,38,39,46,3,43,80,83
2021-03-09,3,7,16,22,29,31,42,15,32,61,74,89
2021-03-05,6,9,23,25,31,36,48,30,31,48,64,97
2021-03-02,9,29,30,36,42,46,49,47,18,50,80,84
2021-02-26,11,17,19,22,27,31,40,38,6,60,64,75
2021-02-23,3,13,14,20,30,45,49,35,14,16,62,87
2021-02-19,1,5,10,18,20,40,42,47,43,44,50,68
2021-02-16,1,6,12,21,34,37,47,20,46,51,56,58
2021-02-12,2,5,10,11,14,23,33,47,49,81,93,95
2021-02-09,4,12,16,17,33,36,44,2,12,15,26,42
2021-02-05,1,2,23,32,35,36,45,28,7,18,32,67
2021-02-02,17,24,27,34,38,42,48,19,17,21,76,79
2021-01-29,9,11,20,22,33,36,46,49,64,72,73,82
2021-01-26,26,37,42,44,46,49,50,24,11,14,23,73
2021-01-22,11,21,23,25,28,41,43,10,34,37,74,87
2021-01-19,23,31,34,38,40,45,50,41,43,55,82,88
2021-01-15,5,23,31,35,36,37,43,13,42,58,75,94
2021-01-12,4,12,13,15,18,30,50,34,5,14,37,75
2021-01-08,4,21,24,25,26,27,42,8,1,10,12,39
2021-01-05,1,16,21,24,35,37,39,45,46,76,83,96
2021-01-01,18,21,28,29,31,32,49,38,76,83,85,96
2020-12-29,8,12,23,25,29,43,46,13,21,22,23,87
2020-12-25,8,12,16,30,38,48,50,14,1,15,39,71
2020-12-22,4,29,30,37,38,43,44,15,13,49,51,94
2020-12-18,2,9,10,22,31,35,49,30,35,60,79,99
2020-12-15,1,4,20,33,44,45,49,47,7,8,48,57
2020-12-11,9,21,30,33,38,39,46,48,18,64,80,93
2020-12-08,5,13,14,21,36,37,43,40,47,64,84,86
2020-12-04,5,7,14,23,24,46,47,11,64,70,91,97
2020-12-01,1,4,9,15,18,24,31,43,3,35,84,85
2020-11-27,9,15,35,41,42,45,46,43,17,53,56,93
2020-11-24,6,8,13,27,41,46,47,39,28,56,77,96
2020-11-20,11,17,29,33,39,40,42,48,1,17,45,57
2020-11-17,6,18,21,30,31,34,38,1,12,75,88,95
2020-11-13,3,4,7,19,44,48,49,8,11,27,42,94
2020-11-10,4,6,18,27,28,30,40,13,1,33,72,99
2020-11-06,7,9,19,20,26,32,35,49,3,7,66,90
2020-11-03,5,7,14,21,26,34,49,31,2,65,66,93
2020-10-30,19,20,23,31,37,46,48,50,19,47,59,68
2020-10-27,2,9,11,29,33,39,44,15,1,29,41,97
2020-10-23,2,8,20,21,29,34,37,41,41,46,51,53
2020-10-20,8,27,30,44,46,47,50,32,24,25,37,82
2020-10-16,1,4,8,10,12,17,41,19,39,46,67,74
2020-10-13,3,10,13,19,21,45,49,12,16,40,56,82
2020-10-09,4,6,12,30,32,33,34,29,3,21,43,92
2020-10-06,4,5,9,19,28,34,44,8,30,31,77,78
2020-10-02,7,12,16,26,40,45,49,20,51,74,75,93
2020-09-29,4,6,9,15,22,24,28,44,24,40,50,88
2020-09-25,1,7,9,28,38,48,50,13,5,17,20,90
2020-09-22,8,9,37,38,40,43,49,28,38,73,78,92
2020-09-18,2,11,22,25,32,40,44,27,38,51,68,79
2020-09-15,1,5,6,24,27,28,32,38,14,23,32,50
2020-09-11,4,15,16,17,35,46,50,13,13,26,44,94
2020-09-08,6,12,19,27,30,32,44,18,11,31,90,95
2020-09-04,7,18,22,26,35,41,50,11,7,28,29,74
2020-09-01,2,9,29,30,31,35,37,19,19,25,80,91
2020-08-28,5,8,9,28,32,48,50,40,31,46,76,96
2020-08-25,1,21,34,38,39,40,46,24,17,28,60,89
2020-08-21,1,2,5,11,20,30,39,27,17,32,51,91
2020-08-18,1,2,16,32,44,46,50,6,7,10,45,49
2020-08-14,3,22,37,39,41,43,44,20,11,18,47,78
2020-08-11,9,17,22,33,36,45,46,41,39,40,50,64
2020-08-07,9,21,26,28,30,37,44,31,49,62,82,92
2020-08-04,18,24,25,30,31,33,48,27,10,67,68,97
2020-07-31,8,16,19,22,28,31,38,25,28,32,38,93
2020-07-28,7,10,11,24,39,43,48,23,17,31,78,93
2020-07-24,17,20,27,29,37,39,41,10,46,52,53,74
2020-07-21,7,22,26,35,46,47,49,19,11,43,46,61
2020-07-17,5,11,15,18,20,24,46,37,10,31,53,80
2020-07-14,3,9,21,35,44,47,48,23,51,71,78,88
2020-07-10,17,18,27,38,39,40,47,24,42,52,70,86
2020-07-07,9,20,21,22,25,26,37,3,5,24,61,68
2020-07-03,3,4,21,33,38,44,45,32,7,22,51,84
2020-06-30,11,12,22,33,37,48,49,41,36,43,56,91
2020-06-26,8,14,31,36,39,46,47,20,22,29,76,81
2020-06-23,2,3,6,13,37,42,46,19,27,29,40,53
2020-06-19,3,12,17,22,29,31,48,8,30,40,43,50
2020-06-16,1,3,22,30,31,37,40,6,1,6,55,66
2020-06-12,1,16,24,28,30,31,47,25,24,32,57,73
2020-06-09,4,16,19,32,35,36,38,28,2,57,80,98
2020-06-05,1,8,15,16,32,39,40,31,34,58,78,89
2020-06-02,8,14,16,17,29,41,42,47,38,46,48,56
2020-05-29,5,12,15,23,26,38,41,45,2,26,73,87
2020-05-26,5,27,34,37,39,41,47,20,48,73,78,91
2020-05-22,9,11,14,21,22,24,41,10,11,38,42,79
2020-05-19,22,23,24,25,37,40,49,19,17,23,54,87
2020-05-15,7,30,32,40,47,48,50,16,1,87,88,97
2020-05-12,11,19,22,26,33,46,48,1,20,22,51,63
2020-05-08,3,4,10,11,26,28,40,31,5,72,88,98
2020-05-05,25,28,32,41,42,44,45,18,10,41,44,81
2020-05-01,3,12,25,36,37,42,49,9,29,33,66,69
2020-04-28,9,18,23,36,39,43,48,46,14,60,76,97
2020-04-24,8,9,19,26,27,31,46,48,16,73,81,86
2020-04-21,9,10,13,21,40,41,43,4,19,29,52,81
2020-04-17,2,15,21,29,40,47,50,35,15,16,47,82
2020-04-14,3,6,9,22,29,38,39,18,5,17,31,91
2020-04-10,3,9,10,14,15,19,20,25,13,31,49,95
2020-04-07,5,20,21,22,32,37,41,18,29,81,84,88
2020-04-03,5,9,10,25,27,29,38,31,11,16,21,25
2020-03-31,5,7,22,29,32,37,39,3,5,51,65,94
2020-03-27,3,4,13,14,30,36,41,21,23,25,51,85
2020-03-24,2,11,16,18,19,20,25,5,31,33,68,83
2020-03-20,9,16,17,18,21,22,27,31,12,17,28,66
2020-03-17,4,5,8,15,27,41,48,37,31,50,60,66
2020-03-13,7,14,15,35,36,49,50,11,56,59,65,83
2020-03-10,5,6,27,37,38,46,48,9,3,50,83,99
2020-03-06,2,9,10,35,41,42,47,40,6,13,42,56
2020-03-03,10,14,15,25,27,39,48,28,20,49,70,77
2020-02-28,21,27,30,32,33,36,46,38,11,29,65,78
2020-02-25,15,32,36,40,41,43,48,10,16,53,67,69
2020-02-21,4,7,14,37,48,49,50,28,17,21,70,88
2020-02-18,3,6,19,23,33,40,45,48,7,33,62,80
2020-02-14,14,17,20,34,38,45,49,5,20,37,89,93
2020-02-11,14,15,19,22,31,36,39,23,19,24,40,58
2020-02-07,21,24,26,31,36,48,49,39,9,12,54,66
2020-02-04,3,12,18,25,43,46,50,33,17,35,66,78
2020-01-31,2,27,30,39,44,45,49,17,6,19,20,99
2020-01-28,4,10,12,27,30,44,46,7,15,24,40,88
2020-01-24,2,11,14,21,23,34,36,5,10,34,38,42
2020-01-21,7,11,16,21,31,36,44,46,27,33,44,66
2020-01-17,5,6,36,39,40,46,48,34,67,79,84,99
2020-01-14,5,16,19,23,30,37,48,44,20,39,57,68
2020-01-10,10,13,14,24,28,47,48,12,8,10,58,59
2020-01-07,3,8,12,14,17,18,29,11,52,70,73,95
2020-01-03,8,18,20,24,31,37,39,34,42,46,64,81
2019-12-31,3,4,11,19,30,39,40,25,6,43,44,93
2019-12-27,13,27,34,36,38,45,50,18,18,31,58,70
2019-12-24,1,6,12,13,19,23,38,37,9,32,60,63
2019-12-20,14,23,28,29,30,33,48,9,1,21,27,81
2019-12-17,19,20,23,29,35,40,47,31,27,90,94,97
2019-12-13,2,12,14,15,26,34,39,48,6,8,53,74
2019-12-10,7,11,19,30,42,43,50,44,4,34,36,97
2019-12-06,9,11,17,19,35,36,43,28,30,32,38,50
2019-12-03,2,10,20,30,32,35,50,21,12,34,42,66
2019-11-29,3,8,14,15,24,33,48,4,12,33,34,71
2019-11-26,13,14,18,22,42,44,47,12,1,52,79,87
2019-11-22,5,9,23,29,30,31,37,34,2,7,23,59
2019-11-19,5,13,23,25,27,32,44,3,25,51,85,98
2019-11-15,15,16,33,36,38,43,49,4,20,37,57,84
2019-11-12,1,14,16,22,32,39,45,31,12,24,63,70
2019-11-08,3,5,10,18,26,33,46,49,37,59,62,89
2019-11-05,5,7,15,18,35,37,45,47,51,52,58,76
2019-11-01,10,20,24,25,32,39,46,15,8,15,28,80
2019-10-29,10,17,18,22,23,25,34,37,69,78,82,98
2019-10-25,6,11,16,18,23,26,40,45,72,82,93,97
2019-10-22,1,4,6,9,25,31,43,10,42,70,81,99
2019-10-18,3,21,29,37,40,43,44,38,7,11,88,93
2019-10-15,17,18,22,27,29,31,34,8,38,47,53,62
2019-10-11,1,3,11,13,19,22,46,31,62,63,90,94
2019-10-08,18,24,31,38,44,46,50,40,31,54,62,95
2019-10-04,20,31,35,36,39,42,44,23,27,41,84,87
2019-10-01,1,15,19,31,40,41,43,49,10,27,50,69
2019-09-27,3,9,25,26,28,34,38,36,29,63,68,82
2019-09-24,3,22,26,32,38,42,43,8,4,31,81,87
2019-09-20,9,15,26,36,39,41,47,37,23,32,56,70
2019-09-17,2,4,17,39,40,43,46,44,10,32,33,39
2019-09-13,4,16,21,32,44,45,50,26,16,20,36,49
2019-09-10,1,15,16,20,27,38,50,9,28,49,76,89
2019-09-06,4,5,24,25,43,44,50,41,21,48,54,78
2019-09-03,6,8,11,13,28,42,48,27,15,37,90,99
2019-08-30,5,9,33,36,39,41,44,27,43,47,50,78
2019-08-27,5,7,19,28,32,35,44,46,5,42,78,96
2019-08-23,5,6,8,15,22,46,47,31,6,8,60,98
2019-08-20,9,17,23,37,44,46,48,4,36,46,77,87
2019-08-16,22,24,25,26,29,32,46,20,9,17,18,19
2019-08-13,1,5,38,39,42,47,49,15,1,28,77,95
2019-08-09,10,25,31,34,36,39,45,9,16,29,54,78
2019-08-06,19,22,28,30,36,38,39,25,6,39,81,91
2019-08-02,11,20,23,24,26,41,44,38,15,29,63,80
2019-07-30,4,6,10,15,24,40,43,3,12,51,87,92
2019-07-26,11,15,17,20,24,25,50,30,8,41,75,84
2019-07-23,4,8,11,16,28,29,44,43,37,43,66,83
2019-07-19,1,15,21,29,30,31,33,5,11,50,52,68
2019-07-16,11,14,17,21,23,26,36,19,28,35,70,72
2019-07-12,3,13,19,25,28,30,37,1,22,25,65,78
2019-07-09,10,13,31,32,36,40,41,17,14,21,27,52
2019-07-05,1,4,8,28,32,36,43,40,15,30,86,96
2019-07-02,6,14,26,31,34,36,45,25,13,35,36,92
2019-06-28,7,11,36,37,38,43,46,26,16,27,58,90
2019-06-25,2,14,15,23,27,44,45,8,15,26,39,69
2019-06-21,11,16,17,20,42,44,50,31,20,23,41,88
2019-06-18,1,6,13,15,38,42,49,48,18,19,51,75
2019-06-14,4,11,20,22,37,44,49,13,5,7,77,98
2019-06-11,18,23,28,32,34,44,50,29,31,44,77,91
2019-06-07,4,8,13,23,25,33,39,17,3,19,67,71
2019-06-04,7,19,22,28,34,41,42,12,12,48,50,61
2019-05-31,6,29,34,39,42,47,50,22,18,31,63,71
2019-05-28,4,9,10,26,27,29,37,14,16,29,56,78
2019-05-24,9,11,15,19,20,35,41,28,15,34,42,48
2019-05-21,2,3,8,18,31,39,50,33,15,23,46,92
2019-05-17,4,21,23,39,40,42,50,17,3,6,57,99
2019-05-14,9,24,27,33,40,44,48,41,5,22,73,88
2019-05-10,16,17,31,34,36,39,41,10,17,33,62,84
2019-05-03,2,3,5,12,21,22,37,19,23,43,65,91
2019-04-26,9,17,21,23,36,41,48,12,3,31,87,97
2019-04-19,2,16,21,33,39,42,47,1,46,53,63,99
2019-04-12,2,20,21,30,31,39,45,18,43,49,50,86
2019-04-05,1,2,16,21,23,25,28,48,4,11,58,61
2019-03-29,10,12,19,22,25,32,42,39,28,29,69,79
2019-03-22,1,3,20,21,27,28,44,43,10,63,89,99
2019-03-15,6,11,25,31,36,41,49,47,72,75,81,83
2019-03-08,2,9,16,17,21,22,32,38,3,25,34,88
2019-03-01,2,23,24,29,40,48,49,18,8,33,57,97
2019-02-22,6,31,33,34,43,44,46,22,15,57,69,77
2019-02-15,1,2,32,37,38,39,45,16,4,24,80,95
2019-02-08,18,23,31,32,36,38,43,27,29,61,70,89
2019-02-01,2,6,13,19,21,32,40,12,13,48,50,96
2019-01-25,6,12,20,24,40,42,47,44,37,79,95,96
2019-01-18,3,19,22,30,32,37,40,20,10,42,59,77
2019-01-11,8,15,21,28,29,30,39,23,23,32,51,98
2019-01-04,7,22,25,26,35,41,45,3,12,59,72,74
2018-12-28,5,13,14,16,17,29,49,18,4,37,40,52
2018-12-21,7,21,23,25,31,34,45,37,1,5,25,77
2018-12-14,6,7,11,21,23,27,41,49,16,25,37,97
2018-12-07,2,9,15,23,26,30,41,13,19,28,32,97
2018-11-30,5,8,15,20,25,26,47,22,1,21,58,94
2018-11-23,1,7,13,14,22,42,48,47,39,40,74,96
2018-11-16,11,17,24,34,41,42,48,21,58,62,73,83
2018-11-09,2,12,31,34,39,48,49,1,2,4,18,46
2018-11-02,9,10,16,23,24,39,49,7,6,18,52,87
2018-10-26,2,3,4,8,9,20,30,45,15,57,94,97
2018-10-19,10,15,16,17,19,27,38,9,5,14,79,98
2018-10-12,18,31,38,45,46,47,48,16,8,28,56,90
2018-10-05,8,9,12,20,22,27,30,28,60,66,96,98
2018-09-28,25,28,31,36,42,44,49,37,4,52,67,85
2018-09-21,3,9,15,16,19,45,48,42,24,48,55,99
2018-09-14,1,3,5,10,16,27,43,14,4,19,25,94
2018-09-07,3,12,21,34,37,38,41,22,10,23,91,92
2018-08-31,2,4,18,19,20,39,44,11,21,89,90,97
2018-08-24,3,5,7,11,13,20,29,30,13,61,83,98
2018-08-17,12,17,22,27,28,29,35,43,47,67,69,71
2018-08-10,2,9,18,33,36,40,49,38,30,43,53,98
2018-08-03,9,11,23,33,35,36,42,6,19,33,35,46
2018-07-27,8,11,14,17,26,30,36,48,4,56,63,87
2018-07-20,6,8,12,19,20,25,49,18,23,68,73,80
2018-07-13,1,4,5,22,25,32,34,27,14,21,23,24
2018-07-06,1,11,20,32,41,42,44,47,10,11,75,89
2018-06-29,3,5,17,23,28,43,46,29,40,46,89,98
2018-06-22,3,10,16,28,31,38,47,20,3,50,64,88
2018-06-15,18,23,28,37,44,45,47,9,32,39,41,83
2018-06-08,12,25,27,29,34,44,45,7,20,25,61,92
2018-06-01,2,11,17,18,22,25,39,3,14,32,36,97
2018-05-25,7,10,13,19,24,31,41,1,21,27,68,70
2018-05-18,4,13,23,30,31,37,43,32,2,57,68,83
2018-05-11,11,22,28,33,39,43,47,23,27,68,82,91
2018-05-04,1,11,15,16,20,29,39,32,2,5,10,80
2018-04-27,8,9,11,17,37,39,41,19,18,32,70,97
2018-04-20,6,14,16,22,30,42,45,35,28,45,66,67
2018-04-13,1,8,9,22,29,30,32,17,33,72,87,92
2018-04-06,7,18,29,30,41,45,46,40,9,36,44,55
2018-03-30,1,12,18,19,21,24,41,15,21,44,48,65
2018-03-23,7,12,15,23,35,43,49,19,16,35,77,82
2018-03-16,13,24,29,31,35,36,42,37,14,36,65,89
2018-03-09,13,18,20,26,32,35,47,12,40,56,59,63
2018-03-02,7,25,26,28,32,36,37,2,21,23,55,78
2018-02-23,13,17,24,32,33,44,45,48,4,48,77,91
2018-02-16,5,14,22,23,35,40,49,43,10,43,83,93
2018-02-09,6,19,24,25,36,37,39,17,6,11,40,58
2018-02-02,3,8,9,24,28,31,44,32,6,52,58,70
2018-01-26,7,8,13,19,23,32,40,9,31,40,60,63
2018-01-19,9,18,25,30,39,40,43,5,44,64,70,89
2018-01-12,1,8,16,19,26,34,41,10,60,64,72,86
2018-01-05,1,3,13,15,28,36,49,14,63,70,80,96
2017-12-29,22,23,26,35,37,39,47,14,21,54,55,60
2017-12-22,13,16,19,21,24,26,30,36,6,23,71,80
2017-12-15,8,14,17,27,28,30,48,37,18,31,58,69
2017-12-08,1,17,31,33,39,46,49,42,17,78,82,92
2017-12-01,26,28,33,38,42,43,47,16,7,15,24,33
2017-11-24,5,11,20,22,35,38,46,45,11,46,60,70
2017-11-17,3,15,22,23,33,47,49,6,56,65,73,91
2017-11-10,5,12,18,26,29,31,37,40,1,45,52,57
2017-11-03,16,17,18,20,40,42,43,15,13,43,77,88
2017-10-27,1,14,15,16,24,39,49,5,18,23,53,77
2017-10-20,1,4,12,27,35,38,46,8,2,46,63,66
2017-10-13,8,14,16,17,18,34,41,43,23,34,87,88
2017-10-06,10,17,25,27,29,34,38,48,1,58,68,71
2017-09-29,1,6,14,23,38,40,47,25,1,25,28,96
2017-09-22,2,10,37,38,39,43,47,28,3,20,30,59
2017-09-15,15,20,24,30,39,44,46,22,13,53,59,90
2017-09-08,1,2,15,16,22,29,41,27,2,18,51,59
2017-09-01,1,7,18,28,31,39,48,35,31,58,81,89
2017-08-25,18,19,23,34,39,43,46,1,17,18,36,89
2017-08-18,2,9,13,16,25,26,45,19,31,69,82,92
2017-08-11,13,14,19,26,27,36,37,18,24,65,66,74
2017-08-04,1,4,11,17,27,36,37,47,10,22,59,99
2017-07-28,9,12,16,24,33,45,47,14,30,51,65,93
2017-07-21,2,11,12,25,33,39,44,8,7,18,63,80
2017-07-14,2,4,11,17,26,41,42,44,35,36,40,96
2017-07-07,4,8,13,16,26,33,38,10,20,36,59,88
2017-06-30,7,24,26,36,37,43,44,3,30,34,62,68
2017-06-23,2,3,6,22,24,42,46,27,6,14,19,61
2017-06-16,1,5,20,33,34,41,42,15,37,55,98,99
2017-06-09,7,11,20,21,22,37,47,38,44,56,66,87
2017-06-02,11,12,25,28,33,41,43,36,17,19,90,93
2017-05-26,14,16,18,21,38,44,49,15,3,18,81,96
2017-05-19,8,11,18,25,34,35,38,44,1,7,68,78
2017-05-12,11,25,26,28,38,44,45,20,21,22,35,42
2017-05-05,11,14,20,22,26,35,43,33,6,11,52,63
2017-04-28,10,14,22,36,38,44,45,11,2,57,77,84
2017-04-21,3,4,13,16,35,47,49,37,16,33,79,96
2017-04-14,23,25,29,30,42,44,45,20,31,33,34,52
2017-04-07,8,12,14,34,37,44,48,45,3,70,75,77
2017-03-31,1,2,12,15,22,25,41,34,26,49,52,94
2017-03-24,16,19,21,32,37,39,45,26,8,10,18,83
2017-03-17,2,5,6,7,8,33,45,15,5,27,30,72
2017-03-10,1,11,15,20,36,41,47,33,17,29,31,63
2017-03-03,3,7,20,25,29,31,44,27,54,63,77,92
2017-02-24,1,17,19,23,28,29,47,10,25,63,72,77
2017-02-17,5,9,14,24,33,37,46,38,10,35,44,59
2017-02-10,11,16,19,22,24,38,41,48,3,7,10,99
2017-02-03,8,19,24,28,34,42,48,17,37,60,89,98
2017-01-27,1,3,8,22,29,38,47,11,3,34,72,78
2017-01-20,4,10,21,28,29,37,45,20,3,12,49,87
2017-01-13,2,8,24,30,31,38,40,42,8,10,11,63
2017-01-06,10,13,18,19,38,47,48,42,20,26,66,69
2016-12-30,5,10,14,19,31,33,47,27,17,38,66,84
2016-12-23,1,5,11,26,28,30,41,49,7,9,70,79
2016-12-16,2,9,27,32,38,39,43,45,4,48,57,59
2016-12-09,11,17,24,26,34,35,39,16,17,38,82,98
2016-12-02,5,8,20,21,29,40,47,7,19,37,88,91
2016-11-25,2,11,20,22,31,35,47,39,13,76,82,89
2016-11-18,7,10,21,24,38,40,49,3,11,52,80,89
2016-11-11,8,14,18,20,24,39,46,23,76,81,87,88
2016-11-04,4,23,29,36,39,44,46,24,25,60,61,80
2016-10-28,3,5,19,29,33,34,44,41,4,22,56,85
2016-10-21,33,34,36,42,44,45,47,14,7,18,49,65
2016-10-14,14,18,22,25,36,39,44,34,6,22,66,85
2016-10-07,8,9,12,24,29,36,37,17,11,59,67,91
2016-09-30,4,12,17,21,32,38,42,46,18,65,69,73
2016-09-23,3,13,24,36,39,44,45,19,13,21,26,88
2016-09-16,7,12,14,15,27,34,44,6,26,31,47,69
2016-09-09,4,10,11,27,29,32,41,42,34,62,69,91
2016-09-02,1,12,15,22,25,45,48,16,51,54,74,77
2016-08-26,3,10,17,19,26,27,42,46,7,45,85,86
2016-08-19,19,22,25,32,37,45,47,40,3,20,62,75
2016-08-12,5,7,15,18,19,27,28,25,3,34,68,91
2016-08-05,4,6,10,20,40,46,47,39,9,28,69,82
2016-07-29,11,15,25,26,39,47,49,30,5,6,9,93
2016-07-22,9,26,28,32,37,40,45,46,32,36,61,98
2016-07-15,19,30,31,36,40,44,49,6,49,52,77,82
2016-07-08,1,8,16,25,30,42,48,28,11,37,44,83
2016-07-01,10,12,14,28,36,39,45,26,16,25,26,78
2016-06-24,2,17,22,24,26,42,48,6,18,21,48,66
2016-06-17,1,16,20,29,33,44,46,15,19,70,85,94
2016-06-10,5,11,15,26,27,33,39,46,28,30,66,95
2016-06-03,12,21,28,37,40,43,47,11,1,37,57,74
2016-05-27,1,14,16,20,26,32,34,18,46,50,76,78
2016-05-20,16,17,19,22,31,47,49,1,55,65,69,95
2016-05-13,3,6,8,17,21,28,34,2,28,42,75,91
2016-05-06,1,8,10,24,26,37,45,47,32,69,83,88
2016-04-29,11,21,22,24,26,36,43,10,10,69,87,98
2016-04-22,13,16,20,35,37,43,49,6,33,42,53,82
2016-04-15,1,9,17,19,25,27,38,44,36,55,86,98
2016-04-08,9,12,13,14,28,39,41,38,19,30,35,48
2016-04-01,5,6,27,28,31,41,45,12,1,8,27,93
2016-03-25,1,6,15,32,42,45,46,44,7,27,64,88
2016-03-18,6,8,15,24,26,39,44,40,4,52,54,87
2016-03-11,9,17,27,30,31,34,42,21,15,27,31,41
2016-03-04,4,14,24,41,42,44,48,26,2,4,75,76
2016-02-26,6,9,22,23,36,38,47,12,9,21,83,84
2016-02-19,2,11,20,22,33,40,43,4,33,47,89,95
2016-02-12,19,20,26,31,34,39,48,18,28,40,59,62
2016-02-05,6,7,8,9,17,23,30,18,25,44,50,90
2016-01-29,5,11,14,17,28,41,47,46,9,21,53,98
2016-01-22,20,21,22,34,42,43,45,1,35,56,69,78
2016-01-15,7,26,27,31,32,33,42,45,23,45,81,98
2016-01-08,13,15,21,24,25,36,48,10,10,40,62,74
2016-01-01,6,10,13,14,25,41,46,8,44,45,50,52
2015-12-25,5,8,9,12,22,39,45,38,10,25,44,48
2015-12-18,6,20,28,29,30,31,46,45,41,62,80,92
2015-12-11,7,12,28,34,45,46,48,49,5,22,27,99
2015-12-04,8,15,24,25,27,36,43,32,2,5,8,85
2015-11-27,4,8,9,20,23,45,46,31,8,82,95,98
2015-11-20,12,21,28,34,36,45,48,26,40,47,73,87
2015-11-13,7,11,19,38,40,41,42,49,19,63,90,92
2015-11-06,1,10,12,20,29,35,47,4,7,29,34,48
2015-10-30,2,11,19,38,43,45,49,9,16,48,51,63
2015-10-23,2,7,12,28,29,38,48,27,15,16,37,76
2015-10-16,9,14,19,21,31,32,40,16,21,56,76,99
2015-10-09,8,11,14,23,26,42,47,1,4,19,26,95
2015-10-02,10,12,24,26,34,43,47,38,16,60,77,80
2015-09-25,1,7,15,18,21,30,45,22,7,9,43,57
2015-09-18,13,16,17,21,35,40,46,18,2,21,72,89
2015-09-11,21,22,27,30,39,42,44,8,62,64,66,82
2015-09-04,7,8,15,19,36,37,41,43,49,57,77,85
2015-08-28,2,4,5,17,29,39,41,48,31,36,47,85
2015-08-21,3,13,15,22,33,41,49,11,53,90,91,99
2015-08-14,1,15,17,25,34,40,41,38,48,51,60,69
2015-08-07,5,13,20,37,39,40,41,28,73,74,77,88
2015-07-31,2,5,27,32,35,42,46,48,22,59,63,91
2015-07-24,2,4,11,19,28,29,38,42,4,44,64,87
2015-07-17,23,24,29,36,42,43,49,38,20,35,37,95
2015-07-10,12,14,23,25,31,38,40,36,4,10,28,70
2015-07-03,1,6,30,40,46,47,49,37,2,30,68,70
2015-06-26,2,4,16,23,30,32,46,38,25,30,72,85
2015-06-19,7,14,15,16,21,30,41,17,7,20,39,71
2015-06-12,4,7,11,19,34,38,48,45,18,27,72,93
2015-06-05,2,10,13,16,30,33,48,44,29,34,57,69
2015-05-29,1,30,38,39,44,45,47,43,24,85,90,95
2015-05-22,1,4,21,24,29,30,46,25,9,16,22,34
2015-05-15,16,23,24,25,40,46,47,17,43,51,70,85
2015-05-08,1,7,17,27,32,44,48,18,7,32,65,94
2015-05-01,6,18,20,37,40,44,46,49,20,34,41,97
2015-04-24,3,37,38,40,42,43,46,12,8,9,51,90
2015-04-17,7,11,14,15,19,30,41,22,22,47,50,93
2015-04-10,7,8,16,18,24,25,46,37,40,58,68,73
2015-04-03,10,11,23,28,32,34,41,29,2,49,73,89
2015-03-27,3,7,15,23,29,31,45,46,53,59,77,86
2015-03-20,7,10,16,35,36,42,45,24,3,6,41,63
2015-03-13,2,8,10,15,17,20,24,14,7,14,56,64
2015-03-06,2,8,9,10,24,26,41,37,2,8,28,43
2015-02-27,4,12,16,27,37,39,44,32,60,75,77,87
2015-02-20,26,34,38,41,46,48,49,10,49,52,73,80
2015-02-13,6,9,18,22,25,32,44,46,6,81,84,95
2015-02-06,1,5,7,13,14,33,46,47,7,41,43,97
2015-01-30,10,15,21,28,32,36,37,9,30,41,44,91
2015-01-23,1,14,15,18,26,42,48,39,1,13,27,79
2015-01-16,6,29,30,31,36,42,45,32,30,37,75,88
2015-01-09,3,7,12,18,31,33,35,26,2,33,42,84
2015-01-02,8,9,14,19,28,31,46,48,9,30,61,93
2014-12-26,15,20,29,39,40,43,46,12,23,27,60,83
2014-12-19,3,6,13,17,22,25,43,47,22,28,55,87
2014-12-12,2,14,30,34,38,47,48,16,14,51,61,76
2014-12-05,10,14,15,16,42,45,48,49,2,3,5,61
2014-11-28,3,4,7,12,17,26,34,1,13,52,77,78
2014-11-21,6,18,19,26,37,39,47,21,16,30,83,91
2014-11-14,2,5,7,13,15,30,38,27,38,61,77,81
2014-11-07,1,3,6,8,14,20,30,28,45,70,76,80
2014-10-31,3,12,25,30,42,44,45,26,23,54,58,94
2014-10-24,8,27,30,32,34,35,42,17,11,41,45,83
2014-10-17,18,19,32,36,38,40,43,1,13,54,65,69
2014-10-10,5,13,18,28,31,38,44,46,8,39,47,52
2014-10-03,7,15,24,25,27,43,47,22,7,11,29,78
2014-09-26,2,3,5,18,37,38,46,33,7,59,70,90
2014-09-19,4,7,8,10,16,20,36,27,41,50,54,70
2014-09-12,5,6,8,13,24,37,46,30,41,59,82,99
2014-09-05,3,8,11,20,28,36,38,26,8,54,58,73
2014-08-29,1,23,26,33,35,38,42,18,51,65,68,92
2014-08-22,13,16,22,26,35,36,39,44,4,31,39,64
2014-08-15,9,16,17,27,32,38,47,37,49,54,63,76
2014-08-08,6,9,16,19,20,24,30,31,2,42,49,66
2014-08-01,1,2,5,10,11,25,34,36,6,7,31,99
2014-07-25,7,9,24,30,35,42,43,36,21,46,52,69
2014-07-18,1,3,16,33,34,40,42,2,36,57,61,85
2014-07-11,1,6,10,16,18,21,31,5,3,26,46,80
2014-07-04,5,10,11,20,26,38,46,44,40,50,68,92
2014-06-27,4,6,7,16,18,40,46,34,12,39,57,84
2014-06-20,12,17,32,36,43,44,49,4,48,65,72,83
2014-06-13,12,16,24,29,36,40,47,44,1,40,64,86
2014-06-06,3,5,17,30,36,47,49,31,4,54,79,82
2014-05-30,2,5,10,11,23,25,31,46,3,7,27,35
2014-05-23,3,11,16,24,31,39,43,2,35,60,78,89
2014-05-16,12,13,16,30,32,35,37,7,38,51,60,71
2014-05-09,5,7,29,35,39,41,49,14,31,48,68,96
2014-05-02,6,15,18,19,25,44,46,28,6,8,34,64
2014-04-25,3,9,24,25,28,36,40,48,21,70,77,86
2014-04-18,9,16,24,30,39,40,45,14,19,44,88,89
2014-04-11,1,3,14,33,35,39,45,28,14,48,50,77
2014-04-04,19,30,33,34,36,41,48,11,37,61,92,95
2014-03-28,8,15,16,21,31,37,39,20,2,37,71,89
2014-03-21,1,2,4,21,23,35,40,5,23,50,71,87
2014-03-14,3,4,5,7,31,33,40,49,25,39,58,84
2014-03-07,1,6,7,16,22,31,33,25,11,52,73,80
2014-02-28,4,7,20,22,26,28,29,47,2,15,44,56
2014-02-21,1,10,16,23,29,35,39,46,36,62,71,97
2014-02-14,6,8,11,16,17,19,24,29,37,44,64,88
2014-02-07,13,19,37,38,40,43,48,46,6,22,54,58
2014-01-31,6,10,16,27,38,40,45,39,12,36,62,83
2014-01-24,7,10,15,23,30,36,44,45,15,81,91,93
2014-01-17,4,9,18,32,35,38,40,12,42,59,63,94
2014-01-10,12,28,31,38,40,41,45,15,15,28,63,89
2014-01-03,7,16,31,35,39,44,48,42,40,51,60,77
2013-12-27,1,6,9,11,17,37,39,32,12,29,66,92
2013-12-20,2,13,18,24,27,37,43,14,67,76,88,90
2013-12-13,6,16,24,32,36,45,47,25,2,16,51,65
2013-12-06,3,4,11,18,37,42,44,47,10,41,48,95
2013-11-29,3,6,19,31,34,42,45,30,2,48,78,98
2013-11-22,2,24,35,38,39,41,48,20,2,5,22,91
2013-11-15,1,3,10,15,25,28,31,7,9,26,29,54
2013-11-08,7,8,10,15,24,26,41,12,15,41,71,80
2013-11-01,11,12,16,22,30,32,49,35,2,10,11,53
2013-10-25,13,16,24,29,33,40,49,28,21,25,32,70
2013-10-18,10,26,28,33,34,35,40,12,34,40,60,74
2013-10-11,7,8,9,16,21,28,48,29,14,20,59,76
2013-10-04,12,16,19,20,28,34,42,9,6,57,80,98
2013-09-27,10,11,18,24,26,42,47,45,13,19,64,71
2013-09-20,2,14,15,24,40,43,44,45,29,37,77,85
2013-09-13,2,6,12,15,16,22,49,46,18,26,47,57
2013-09-06,1,7,23,36,37,39,41,33,1,24,61,67
2013-08-30,6,19,20,25,31,35,36,45,20,30,49,61
2013-08-23,5,6,10,17,22,36,48,3,13,20,33,36
2013-08-16,2,6,20,22,30,34,49,45,17,36,63,84
2013-08-09,6,15,19,26,43,44,49,30,8,26,76,85
2013-08-02,2,9,23,29,30,34,43,40,41,61,68,70
2013-07-26,5,9,12,18,24,35,42,17,27,36,41,98
2013-07-19,3,17,19,20,34,35,43,4,15,33,53,60
2013-07-12,14,16,17,36,45,46,48,7,7,44,57,71
2013-07-05,5,12,15,39,44,46,49,18,23,40,68,93
2013-06-28,2,7,15,38,43,44,47,1,5,59,83,86
2013-06-21,2,9,12,13,27,28,36,20,16,18,52,88
2013-06-14,2,12,15,18,21,22,25,5,26,39,55,96
2013-06-07,5,19,24,34,35,38,43,8,23,27,66,95
2013-05-31,5,7,10,15,22,45,47,23,26,48,49,78
2013-05-24,9,19,21,24,39,43,48,6,15,47,86,87
2013-05-17,8,18,21,27,33,46,49,26,6,8,38,85
2013-05-10,3,10,19,21,27,35,36,49,15,18,44,93
2013-05-03,4,6,21,26,30,34,35,39,51,57,72,90
2013-04-26,10,13,15,18,25,36,47,40,3,39,69,71
2013-04-19,2,3,8,20,28,31,34,42,3,9,52,96
2013-04-12,3,6,37,40,42,44,48,18,51,78,82,83
2013-04-05,2,14,15,17,24,38,40,31,26,74,79,87
2013-03-29,8,11,12,13,22,33,47,7,12,35,50,55
2013-03-22,7,12,16,19,21,24,47,34,3,51,74,97
2013-03-15,9,16,17,19,22,41,43,12,7,50,78,98
2013-03-08,9,15,17,28,35,39,41,36,36,51,57,71
2013-03-01,1,2,5,6,38,39,46,33,18,24,77,93
2013-02-22,5,12,24,31,39,45,49,35,5,7,12,42
2013-02-15,14,23,24,25,28,41,45,37,12,21,45,51
2013-02-08,3,8,13,30,38,45,47,10,20,50,59,81
2013-02-01,5,9,10,32,37,44,46,38,17,57,81,95
2013-01-25,1,18,19,29,31,32,46,36,51,62,67,75
2013-01-18,8,16,17,28,32,34,47,19,49,76,94,97
2013-01-11,2,25,26,37,39,48,49,40,10,24,41,91
2013-01-04,3,6,16,23,27,28,34,22,10,60,74,79
2012-12-28,1,9,25,28,32,41,48,12,53,59,69,97
2012-12-21,7,8,17,18,20,40,41,33,3,4,69,74
2012-12-14,3,6,10,33,39,48,49,18,5,15,24,96
2012-12-07,5,11,22,29,38,42,49,33,10,86,89,94
2012-11-30,3,10,13,23,31,41,45,33,11,28,66,93
2012-11-23,6,8,10,17,28,29,38,34,1,64,66,96
2012-11-16,1,5,9,19,27,35,48,30,7,15,18,59
2012-11-09,8,9,11,22,24,42,46,13,35,56,57,74
2012-11-02,1,2,5,26,29,36,47,13,1,9,28,96
2012-10-26,3,4,20,25,30,35,48,23,49,74,83,85
2012-10-19,1,2,3,15,22,37,41,6,1,19,37,60
2012-10-12,5,7,12,15,35,45,47,40,10,15,51,58
2012-10-05,1,12,23,27,30,31,37,33,1,68,77,98
2012-08-31,5,12,13,28,33,37,43,44,33,48,55,95
2012-08-24,2,3,5,22,23,32,33,8,2,14,50,73
2012-08-17,18,19,22,27,29,36,47,25,7,46,49,76
2012-08-10,2,15,18,19,22,27,49,40,2,9,17,62
2012-08-03,1,2,18,26,27,39,42,33,19,63,92,95
2012-07-27,2,20,25,26,46,47,48,44,9,43,84,93
2012-07-20,4,7,29,35,39,43,44,46,29,43,45,76
2012-07-13,3,13,14,23,33,36,45,7,26,41,46,81
2012-07-06,14,26,31,34,37,45,48,38,4,6,63,72
2012-06-29,10,14,20,28,35,40,42,44,48,61,74,97
2012-06-22,1,12,20,22,30,34,38,33,13,38,61,88
2012-06-15,8,11,20,28,36,43,47,18,17,43,49,51
2012-06-08,9,10,16,24,26,44,48,27,3,32,87,95
2012-06-01,4,7,13,24,26,27,43,41,28,39,57,81
2012-05-25,1,2,3,6,12,20,41,10,50,56,88,97
2012-05-18,3,4,13,15,21,29,48,26,36,45,65,81
2012-05-11,1,6,7,24,31,36,39,26,12,38,60,73
2012-05-04,3,5,6,25,37,43,45,21,16,19,26,52
2012-04-27,3,23,28,40,42,43,45,17,36,38,69,97
2012-04-20,14,15,16,19,30,36,46,42,16,35,44,58
2012-04-13,2,6,11,12,16,39,45,3,17,72,80,99
2012-04-06,15,18,19,25,32,42,49,43,14,60,83,92
2012-03-30,3,11,12,19,35,45,47,13,13,14,63,82
2012-03-23,6,18,21,23,24,32,48,47,61,74,76,84
2012-03-16,5,7,18,24,28,41,49,26,5,41,88,89
2012-03-09,7,18,19,29,39,47,48,32,32,39,53,81
2012-03-02,4,13,14,15,34,46,47,49,14,34,47,79
2012-02-24,6,17,23,24,25,31,38,7,12,18,93,95
2012-02-17,1,15,26,28,31,39,49,18,9,19,45,78
2012-02-10,1,5,25,35,38,44,47,39,7,31,35,78
2012-02-03,2,8,12,14,33,37,47,46,14,43,52,88
2012-01-27,8,24,28,34,37,43,45,21,24,66,87,91
2012-01-20,9,15,21,23,41,43,44,46,13,19,62,67
2012-01-13,6,15,18,26,41,46,48,27,15,23,33,93
2012-01-06,1,2,8,13,22,45,46,48,36,37,76,95
2011-12-30,2,13,22,28,35,41,42,4,23,32,39,94
2011-12-23,3,4,9,25,26,37,39,45,5,27,67,85
2011-12-16,11,24,26,31,42,44,46,22,8,16,30,53
2011-12-09,3,11,18,19,23,27,44,46,3,38,50,91
2011-12-02,23,29,33,34,39,44,48,32,6,8,87,95
2011-11-25,8,10,15,24,30,35,49,23,7,56,73,74
2011-11-18,8,17,27,28,39,44,49,24,29,35,46,56
2011-11-11,5,7,9,25,31,37,39,22,2,20,74,83
2011-11-04,5,8,13,15,27,28,37,39,7,14,29,70
2011-10-28,2,4,18,20,29,38,41,9,2,5,19,52
2011-10-21,6,23,27,30,34,38,45,21,12,27,39,83
2011-10-14,1,3,7,19,31,39,49,17,22,46,53,88
2011-10-07,12,13,24,25,26,41,43,7,7,15,18,32
2011-08-26,6,11,12,14,35,43,44,42,11,31,85,86
2011-08-19,4,14,24,41,43,46,49,1,57,60,65,70
2011-08-12,4,15,21,30,33,35,47,28,1,58,66,86
2011-08-05,11,17,18,20,22,29,45,27,2,24,51,78
2011-07-29,1,2,3,17,24,35,36,30,10,46,77,80
2011-07-22,4,13,23,28,32,40,42,12,64,81,87,95
2011-07-15,3,7,8,12,18,24,41,1,6,71,86,90
2011-07-08,17,22,28,38,41,43,45,5,73,79,90,97
2011-07-01,15,18,20,28,29,40,47,38,8,22,70,79
2011-06-24,2,9,10,15,29,44,48,22,28,42,63,84
2011-06-17,2,7,14,16,22,27,47,25,32,35,36,37
2011-06-10,8,11,12,25,28,30,33,16,7,23,38,78
2011-06-03,8,21,28,32,33,34,48,38,20,40,44,97
2011-05-27,5,9,19,20,21,28,30,36,9,17,59,80
2011-05-20,7,12,14,18,30,45,47,20,7,9,11,44
2011-05-13,7,8,14,32,38,42,44,30,2,50,80,96
2011-05-06,6,19,24,25,26,35,36,23,20,22,53,71
2011-04-29,1,13,20,24,39,45,47,25,42,77,83,86
2011-04-22,7,19,34,35,38,42,46,11,24,61,62,83
2011-04-15,3,12,14,15,25,32,49,37,7,23,35,87
2011-04-08,13,18,25,41,44,48,49,1,13,38,43,62
2011-04-01,5,6,11,12,24,26,34,49,39,49,57,64
2011-03-25,1,4,22,25,26,36,46,5,7,22,24,60
2011-03-18,2,5,10,21,25,35,49,40,47,57,82,98
2011-03-11,2,3,4,20,22,40,43,9,15,34,49,92
